{"last_tab":"","site_logo":{"url":"http:\/\/demo.wpcharming.com\/humanrights\/wp-content\/themes\/HumanRights\/assets\/images\/logo.png","id":"","height":"","width":"","thumbnail":""},"site_logo_retina":{"url":"","id":"","height":"","width":"","thumbnail":""},"site_logo_margin":{"margin-top":"0","margin-right":"0","margin-bottom":"0","margin-left":"0","units":"px"},"site_favicon":{"url":"","id":"","height":"","width":"","thumbnail":""},"site_iphone_icon":{"url":"","id":"","height":"","width":"","thumbnail":""},"site_iphone_icon_retina":{"url":"","id":"","height":"","width":"","thumbnail":""},"site_ipad_icon":{"url":"","id":"","height":"","width":"","thumbnail":""},"site_ipad_icon_retina":{"url":"","id":"","height":"","width":"","thumbnail":""},"page_comments":"","site_boxed":"0","page_layout":"left-sidebar","archive_layout":"right-sidebar","blog_layout":"right-sidebar","single_shop_layout":"right-sidebar","woo_single_header":"1","primary_color":"#bfa980","secondary_color":"#b00f14","meta_color":"#f4f3ee","body_bg":{"background-color":"#ffffff","background-repeat":"","background-size":"","background-attachment":"","background-position":"","background-image":"","media":{"id":"","height":"","width":"","thumbnail":""}},"boxed_bg":{"background-color":"#333333","background-repeat":"repeat","background-size":"inherit","background-attachment":"inherit","background-position":"left top","background-image":"http:\/\/demo.wpcharming.com\/humanrights\/wp-content\/uploads\/2015\/02\/footer_lodyas.png","media":{"id":"683","height":"1200","width":"1200","thumbnail":"http:\/\/demo.wpcharming.com\/humanrights\/wp-content\/uploads\/2015\/02\/footer_lodyas-150x150.png"}},"font_body":{"font-family":"Open Sans","font-options":"","google":"1","font-weight":"","font-style":"","subsets":"","text-align":"","font-size":"14px","color":"#555555"},"font_heading":{"font-family":"Source Sans Pro","font-options":"","google":"1","subsets":"","text-align":"","letter-spacing":"","color":""},"header_fixed":"1","header_social":"1","header_use_social":{"twitter":"1","facebook":"1","linkedin":"1","pinterest":"Pinterest","google":"Google","instagram":"Instagram","flickr":"Flickr","youtube":"Youtube","email":""},"enable_header_widget":"1","header_right_margin_top":{"margin-top":"25px","margin-right":"0","margin-bottom":"0","margin-left":"0","units":"px"},"header_custom_style":"","header_bg":{"background-color":"#FFFFFF","background-repeat":"","background-size":"","background-attachment":"","background-position":"","background-image":"","media":{"id":"","height":"","width":"","thumbnail":""}},"header_text_color":"#777777","header_link_color":"#777777","header_heading_color":"#222222","primary_menu_typography":{"font-family":"","font-options":"","google":"1","font-weight":"","font-style":"","subsets":"","text-transform":"","font-size":"","letter-spacing":"","color":""},"primary_menu_bg":{"background-color":"#222222","background-repeat":"","background-size":"","background-attachment":"","background-position":"","background-image":"","media":{"id":"","height":"","width":"","thumbnail":""}},"primary_menu_border_top":{"border-top":"3px","border-right":"0","border-bottom":"0","border-left":"0","border-style":"solid","border-color":"#dddddd"},"primary_menu_border_bottom":{"border-top":"0","border-right":"0","border-bottom":"0","border-left":"0","border-style":"solid","border-color":""},"blog_single_thumb":"1","blog_single_author":"1","footer_newsletter":"1","newsletter_text":"Newsletter","newsletter_type":"mailchimp","feedburner_id":"","mailchimp_url":"","footer_social":"1","social_text":"Law Firm Social","footer_use_social":{"twitter":"1","facebook":"1","linkedin":"1","pinterest":"","google":"1","instagram":"1","flickr":"1","youtube":"1","email":"1"},"footer_widgets":"1","footer_columns":"4","footer_copyright":"","footer_custom_color":"","footer_bg":{"background-color":"#222222","background-repeat":"","background-size":"","background-attachment":"","background-position":"","background-image":"","media":{"id":"","height":"","width":"","thumbnail":""}},"footer_widget_title_color":"#bbbbbb","footer_text_color":"#666666","footer_link_color":"#777777","footer_link_color_hover":"#ffffff","twitter":"#","facebook":"#","linkedin":"#","pinterest":"","google":"#","instagram":"","flickr":"","youtube":"#","email":"","site_header_tracking":"","site_footer_tracking":"","site_css":"                                            ","redux-backup":"1"}