{"practice-areas":{"nav_menu-2":{"title":"Our Practices","nav_menu":4},"text-4":{"title":"Brochures","text":"<a href=\"#\" class=\"sidebar-file-button\"><i class=\"fa fa-file-pdf-o\"><\/i> <span>financial-services.PDF<\/span><\/a>\r\n\r\n<a href=\"#\" class=\"sidebar-file-button\"><i class=\"fa fa-file-pdf-o\"><\/i> <span>family-law.PDF<\/span><\/a>\r\n\r\n<a href=\"#\" class=\"sidebar-file-button\"><i class=\"fa fa-file-word-o\"><\/i> <span>Car-Accidents.DOC<\/span><\/a>\r\n\r\n ","filter":false},"text-6":{"title":"Sponsored Ad","text":"<a><img src=\"http:\/\/demo.wpcharming.com\/humanrights\/wp-content\/uploads\/2015\/01\/law-ads2.png\"><\/a>","filter":false}},"sidebar-1":{"wpc_posts-2":{"title":"Recent News","number":4,"post_order":"date"},"archives-2":{"title":"","count":0,"dropdown":0},"categories-2":{"title":"","count":0,"hierarchical":0,"dropdown":0},"search-2":{"title":""}},"sidebar-2":{"nav_menu-3":{"title":"Firm Overview","nav_menu":20},"text-7":{"title":"Our Brochures","text":"<a href=\"#\" class=\"sidebar-file-button\"><i class=\"fa fa-file-pdf-o\"><\/i> <span>financial-services.PDF<\/span><\/a>\r\n\r\n<a href=\"#\" class=\"sidebar-file-button\"><i class=\"fa fa-file-pdf-o\"><\/i> <span>family-law.PDF<\/span><\/a>\r\n\r\n<a href=\"#\" class=\"sidebar-file-button\"><i class=\"fa fa-file-word-o\"><\/i> <span>Car-Accidents.DOC<\/span><\/a>\r\n\r\n ","filter":false}},"header-right":{"text-2":{"title":"","text":"<ul class=\"header-contact-wrapper\">\r\n\t<li>\r\n\t\t<div class=\"contact-box\">\r\n\t\t\t<div class=\"box-icon left\">\r\n\t\t\t\t<i class=\"fa fa-map-marker\"><\/i>\r\n\t\t\t<\/div>\r\n\t\t\t<div class=\"box-text left\">\r\n\t\t\t\t<div class=\"contact-phone\">2590 Pearl Street<\/div>\r\n\t\t\t\t<div class=\"contact-text\">Mountain View, CA 94043<\/div>\r\n\t\t\t\t\r\n\t\t\t<\/div>\r\n\t\t<\/div>\r\n\t<\/li>\r\n\t<li>\r\n\t\t<div class=\"contact-box\">\r\n\t\t\t<div class=\"box-icon left\">\r\n\t\t\t\t<i class=\"fa fa-phone\"><\/i>\r\n\t\t\t<\/div>\r\n\t\t\t<div class=\"box-text right\">\r\n\t\t\t\t<div class=\"contact-phone\">+1 650-253-0000<\/div>\r\n\t\t\t\t<div class=\"contact-text\">Free Case Consultation<\/div>\r\n\t\t\t<\/div>\r\n\t\t<\/div>\r\n\t<\/li>\r\n\t<li>\r\n\t\t<div class=\"contact-box\">\r\n\t\t\t<div class=\"box-text right\">\r\n\t\t\t\t<a href=\"http:\/\/demo.wpcharming.com\/humanrights\/free-case-evaluation\/\" class=\"btn btn-secondary\"><i class=\"fa fa-comments-o\"><\/i> Free Case Evaluation<\/a>\r\n\t\t\t<\/div>\r\n\t\t<\/div>\r\n\t<\/li>\r\n<\/ul>","filter":false}},"footer-1":{"text-10":{"title":"About H&R Law Firm","text":"Our clients range from FTSE companies, to large organisations and some small local businesses who are striving to expand.","filter":false}},"footer-2":{"nav_menu-4":{"title":"Explore Our Site","nav_menu":21}},"footer-3":{"text-8":{"title":"H&R United States ","text":"<div class=\"contact-info-box\">\r\n\t\t<div class=\"contact-info-item\">\r\n\t\t\t<div class=\"contact-text\"><i class=\"fa fa-map-marker\"><\/i><\/div>\r\n\t\t\t<div class=\"contact-value\">1600 Amphitheatre Parkway<br>\r\nMountain View CA 94043\r\n<\/div>\r\n\t\t<\/div>\r\n\t\t<div class=\"contact-info-item\">\r\n\t\t\t<div class=\"contact-text\"><i class=\"fa fa-phone\"><\/i><\/div>\r\n\t\t\t<div class=\"contact-value\">(123) 123-4567<\/div>\r\n\t\t<\/div>\r\n\t\t<div class=\"contact-info-item\">\r\n\t\t\t<div class=\"contact-text\"><i class=\"fa fa-envelope\"><\/i><\/div>\r\n\t\t\t<div class=\"contact-value\"><a href=\"mailto:us@lawyers.com\">us@lawyers.com<\/a><\/div>\r\n\t\t<\/div>\r\n\t<\/div>","filter":false}},"footer-4":{"text-9":{"title":"H&R Canada Office","text":"<div class=\"contact-info-box\">\r\n\t\t<div class=\"contact-info-item\">\r\n\t\t\t<div class=\"contact-text\"><i class=\"fa fa-map-marker\"><\/i><\/div>\r\n\t\t\t<div class=\"contact-value\">1253 McGill College<br>\r\nMontreal, Quebec, H3B 2Y5\r\n<\/div>\r\n\t\t<\/div>\r\n\t\t<div class=\"contact-info-item\">\r\n\t\t\t<div class=\"contact-text\"><i class=\"fa fa-phone\"><\/i><\/div>\r\n\t\t\t<div class=\"contact-value\">(123) 123-4567<\/div>\r\n\t\t<\/div>\r\n\t\t<div class=\"contact-info-item\">\r\n\t\t\t<div class=\"contact-text\"><i class=\"fa fa-envelope\"><\/i><\/div>\r\n\t\t\t<div class=\"contact-value\"><a href=\"mailto:canada@lawyers.com\">canada@lawyers.com<\/a><\/div>\r\n\t\t<\/div>\r\n\t<\/div>","filter":false}}}