<wpml-config>
	<custom-fields>
        <custom-field action="copy">_wpc_page_layout</custom-field>
        <custom-field action="copy">_wpc_hide_page_title</custom-field>
        <custom-field action="copy">_wpc_enable_page_header</custom-field>
        <custom-field action="copy">_wpc_header_title</custom-field>
        <custom-field action="copy">_wpc_header_subtitle</custom-field>
        <custom-field action="copy">_wpc_header_subtitle</custom-field>
        <custom-field action="copy">_wpc_header_bg</custom-field>
        <custom-field action="copy">_wpc_header_padding_top</custom-field>
        <custom-field action="copy">_wpc_header_padding_bottom</custom-field>
        <custom-field action="copy">_wpc_header_bg_color</custom-field>
        <custom-field action="copy">_wpc_header_text_color</custom-field>
    </custom-fields>
	<admin-texts>
        <key name="wpc_option">
            <key name="newsletter_text" />
            <key name="social_text" />
            <key name="footer_copyright" />
        </key> 
    </admin-texts>
	<language-switcher-settings>
	<key name="icl_lang_sel_config">
		<key name="font-current-normal">#444444</key>
		<key name="font-current-hover">#000000</key>
		<key name="background-current-normal">#ffffff</key>
		<key name="background-current-hover">#eeeeee</key>
		<key name="font-other-normal">#444444</key>
		<key name="font-other-hover">#000000</key>
		<key name="background-other-normal">#ffffff</key>
		<key name="background-other-hover">#eeeeee</key>
		<key name="border">#cdcdcd</key>
	</key>
	<key name="icl_lang_sel_footer_config">
		<key name="font-current-normal">#444444</key>
		<key name="font-current-hover">#000000</key>
		<key name="background-current-normal">#ffffff</key>
		<key name="background-current-hover">#eeeeee</key>
		<key name="font-other-normal">#444444</key>
		<key name="font-other-hover">#000000</key>
		<key name="background-other-normal">#ffffff</key>
		<key name="background-other-hover">#eeeeee</key>
		<key name="border">#cdcdcd</key>
	</key>
	<key name="icl_language_switcher_sidebar">0</key>
	<key name="icl_widget_title_show">0</key>
	<key name="icl_lang_sel_type">dropdown</key>
	<key name="icl_lso_link_empty">0</key>
	<key name="icl_lso_flags">0</key>
	<key name="icl_lso_native_lang">1</key>
	<key name="icl_lso_display_lang">1</key>
	<key name="icl_lang_sel_footer">0</key>
	<key name="icl_post_availability">0</key>
	<key name="icl_post_availability_position">below</key>
	<key name="icl_post_availability_text">This post is also available in: %s</key>
	</language-switcher-settings>
</wpml-config>